id,name,lastname,age,email,department
1,John,Doe,30,johndoe@example.com,Engineering
2,Jane,Smith,25,janesmith@example.com,Marketing
3,Michael,Johnson,35,michaeljohnson@example.com,HR
4,Sarah,Williams,28,sarahwilliams@example.com,Finance
5,Robert,Brown,32,robertbrown@example.com,Engineering
6,Emily,Jones,27,emilyjones@example.com,Marketing
7,James,Davis,33,jamesdavis@example.com,HR
8,Emma,Miller,29,emamiller@example.com,Finance
9,David,Wilson,31,davidwilson@example.com,Engineering
10,Olivia,Anderson,26,oliviaanderson@example.com,Marketing
11,William,Thompson,29,williamthompson@example.com,Finance
12,Isabella,Garcia,34,isabellagarcia@example.com,HR
13,Ethan,Martinez,31,ethanmartinez@example.com,Engineering
14,Sophia,Lopez,28,sophialopez@example.com,Marketing
15,Alexander,Hernandez,33,alexanderhernandez@example.com,HR
16,Mia,Hill,27,miahill@example.com,Finance
17,Daniel,King,30,danielking@example.com,Engineering
18,Charlotte,Young,25,charlotteyoung@example.com,Marketing
19,Logan,Wright,32,loganwright@example.com,HR
20,Abigail,Scott,28,abigailscott@example.com,Finance
21,Jack,Nguyen,30,jacknguyen@example.com,Engineering
22,Grace,Kim,26,gracekim@example.com,Marketing
23,Samuel,Lee,33,samuellee@example.com,HR
24,Sophie,Perez,29,sophieperez@example.com,Finance
25,Liam,Roberts,31,liamroberts@example.com,Engineering
26,Emma,Morgan,24,emorgan@example.com,Marketing
27,Noah,Brown,33,noahbrown@example.com,HR
28,Olivia,Hall,30,oliviahall@example.com,Finance
29,Ava,Gonzalez,28,avagonzalez@example.com,Engineering
30,James,Clark,32,jamesclark@example.com,Marketing
